Word;Score;Word_ES
abandon;-2;abandonar
abandoned;-2;abandonado
abandons;-2;abandona
abducted;-2;secuestrado
abduction;-2;secuestro
abductions;-2;secuestros
abhor;-3;aborrecer
abhorred;-3;aborrecido
abhorrent;-3;aborrecible
abhors;-3;aborrece
abilities;2;habilidades
ability;2;capacidad
aboard;1;a bordo
aborted;-1;abortado
aborts;-1;aborta
absentee;-1;ausente
absentees;-1;ausentes
absolve;2;absolver
absolved;2;absuelto
absolves;2;absuelve
absorbed;1;absorbido
abuse;-3;abuso
abused;-3;abusado
abuses;-3;abusos
abusing;-3;abusar
abusive;-3;abusivo
accept;1;aceptar
acceptable;1;aceptable
acceptance;1;aceptación
accepted;1;aceptado
accepts;1;acepta
accessible;1;accesible
accident;-2;accidente
accidental;-2;accidental
accidentally;-2;accidentalmente
accidents;-2;accidentes
acclaim;2;aclamación
acclaimed;2;aclamado
accolade;2;espaldarazo
accomplish;2;realizar
accomplished;2;consumado
accomplishes;2;logra
accomplishment;2;logro
accomplishments;2;logros
accusation;-2;acusación
accusations;-2;acusaciones
accuse;-2;acusar
accused;-2;acusado
accuses;-2;acusa
accusing;-2;acusando
ache;-2;dolor
achievable;1;realizable
acquitted;2;pagado
acrimonious;-3;mordaz
active;1;activo
adequate;1;adecuado
admire;3;admirar
admired;3;estimado
admires;3;admira
admiring;3;admirativo
admit;-1;admitir
admits;-1;admite
admonish;-2;amonestar
admonished;-2;amonestado
adopt;1;adoptar
adopts;1;adopta
adorable;3;adorable
adoration;3;adoración
adore;3;adorar
adored;3;adorado
adores;3;adora
adoring;3;cariñoso
adoringly;3;con adoración
advanced;1;avanzado
advantage;2;ventaja
advantageous;2;ventajoso
advantageously;2;ventajosamente
advantages;2;ventajas
adventure;2;aventuras
adventurous;2;aventurero
adversary;-1;adversario
advisable;1;aconsejable
affected;-1;afectado
affection;3;afecto
affectionateness;3;enamoramiento
afflicted;-1;afligido
affordable;2;asequible
affronted;-1;ofendido
aficionados;2;aficionados
afraid;-2;temeroso
aggravate;-2;agravar
aggravated;-2;agravado
aggravates;-2;agrava
aggravating;-2;agravante
aggression;-2;agresión
aggressions;-2;agresiones
aggressive;-2;agresivo
aggressiveness;-2;agresividad
aghast;-2;espantado
agog;2;emocionado
agonise;-3;agonizar
agonised;-3;agonizado
agonises;-3;agoniza
agonising;-3;agonizante
agree;1;de acuerdo
agreeable;2;agradable
agreed;1;convenido
agreement;1;acuerdo
agrees;1;está de acuerdo
alarm;-2;alarma
alarmed;-2;alarmado
alarmist;-2;alarmista
alarmists;-2;alarmistas
alas;-1;pobre de mí
alert;-1;alerta
alienation;-2;alienación
alive;1;viva
allegation;-2;alegación
allegations;-2;alegatos
allergic;-2;alérgico
allow;1;permitir
ally;2;aliado
alone;-2;solo
altruistic;2;altruista
amaze;2;asombro
amazed;2;asombrado
amazes;2;sorprende
amazing;4;asombroso
ambitious;2;ambicioso
ambivalent;-1;ambivalente
amicable;2;amistoso
amuse;3;entretener
amused;3;divertido
amusement;3;diversión
amusements;3;diversiones
anger;-3;ira
angered;-3;enojado
angers;-3;enfurece
anguish;-3;angustia
anguished;-3;angustiado
animosity;-2;animosidad
annoy;-2;molestar
annoyance;-2;molestia
annoyed;-2;irritado
annoying;-2;molesto
annoys;-2;molesta
antagonistic;-2;antagonista
anti;-1;anti
anticipation;1;anticipación
anxiety;-2;ansiedad
anxious;-2;ansioso
apathetic;-3;apático
apathy;-3;apatía
apeshit;-3;mierda
apocalyptic;-2;apocalíptico
apologise;-1;pedir disculpas
apologised;-1;se disculpó
apologises;-1;se disculpa
apologising;-1;disculpándose
apologizing;-1;disculparse
apology;-1;disculpa
appalled;-2;horrorizado
appalling;-2;pésimo
appealing;2;atractivo
appease;2;apaciguar
appeased;2;apaciguado
appeases;2;apacigua
appeasing;2;apaciguador
applaud;2;aplaudir
applauded;2;aplaudido
applauding;2;aplaudiendo
applauds;2;aplaude
applause;2;aplausos
appreciate;2;apreciar
appreciated;2;apreciado
appreciates;2;aprecia
appreciating;2;apreciando
appreciation;2;apreciación
apprehensive;-2;aprensivo
appropriate;2;apropiado
appropriately;2;adecuadamente
approval;2;aprobación
approved;2;aprobado
approves;2;aprueba
ardent;1;ardiente
arrest;-2;arrestar
arrested;-3;detenido
arrests;-2;arrestos
arrogant;-2;arrogante
arsehole;-4;gilipollas
ashame;-2;es una pena
ashamed;-2;avergonzado
ass;-4;culo
assassination;-3;asesinato
assassinations;-3;asesinatos
assault;-2;asalto
assaults;-2;asaltos
assets;2;bienes
assfucking;-4;enculada
asshole;-4;estúpido
astound;3;asombrar
astoundingly;3;pasmosamente
astounds;3;asombra
atrocious;-3;atroz
atrocity;-3;atrocidad
attack;-1;ataque
attacked;-1;atacado
attacking;-1;agresor
attacks;-1;ataques
attract;1;atraer
attracted;1;atraído
attracting;2;atrayendo
attraction;2;atracción
attractions;2;atracciones
attractively;2;atractivamente
attracts;1;atrae
audacious;3;audaz
aura;1;aura
authority;1;autoridad
avenge;-2;vengar
avenged;-2;vengado
avenger;-2;vengador
avengers;-2;vengadores
avenges;-2;venganzas
avenging;-2;vengando
avert;-1;evitar
averted;-1;evitado
averts;-1;evita
avid;2;ávido
await;-1;esperar
awaited;-1;esperado
awaits;-1;espera
award;3;premio
awarded;3;galardonado
awards;3;premios
awesome;4;increíble
awful;-3;horrible
awkward;-2;torpe
axe;-1;hacha
axed;-1;despedido
backed;1;respaldados
backing;2;apoyo
backs;1;espaldas
bad;-3;malo
bad luck;-2;mala suerte
badass;-3;rudo
badly;-3;mal
badness;-3;maldad
bailout;-2;rescate
balanced;1;equilibrado
bamboozle;-2;embaucar
bamboozled;-2;engañado
bamboozles;-2;engaños
ban;-2;prohibición
banish;-1;desterrar
bankrupt;-3;arruinado
bankruptcy;-3;bancarrota
bankster;-3;banquero
banned;-2;prohibido
barbarian;-2;bárbaro
bargain;2;negociar
barrier;-2;barrera
bastard;-5;bastardo
bastards;-5;cabrones
battle;-1;batalla
battled;-1;combatido
battles;-1;batallas
battling;-2;luchando
beaten;-2;vencido
beatific;3;beatífico
beating;-1;golpeando
beauties;3;bellezas
beautiful;3;hermoso
beautifully;3;hermosamente
beautify;3;embellecer
beauty;3;belleza
befit;2;convenir a
befitting;2;propio
belittle;-2;empequeñecer
belittled;-2;menospreciado
beloved;3;amado
benefactor;2;benefactor
benefactors;2;benefactores
benefit;2;beneficio
benefits;2;beneficios
benefitted;2;beneficiado
benefitting;2;beneficiándose
benevolent;3;benevolente
bereave;-2;privar
bereaves;-2;afligidos
bereaving;-2;desconsolado
best;3;mejor
best damn;4;mejor maldita sea
betray;-3;traicionar
betrayal;-3;traición
betrayed;-3;traicionado
betraying;-3;traicionando
betrays;-3;traiciona
bias;-1;parcialidad
biased;-2;parcial
big;1;grande
bitch;-5;perra
bitches;-5;perras
bitter;-2;amargo
bitterly;-2;amargamente
bizarre;-2;extraño
blackmail;-3;chantaje
blackmailed;-3;chantajeado
blackmailing;-3;chantajear
blackmails;-3;chantajes
blah;-2;paja
blame;-2;culpa
blamed;-2;culpados
blames;-2;culpas
blaming;-2;culpar
bless;2;bendecir
blesses;2;bendice
blessing;3;bendición
blessings;3;bendiciones
blind;-1;ciego
bliss;3;felicidad
blissful;3;feliz
blithe;2;alegre
bloated;-1;hinchado
block;-1;bloquear
blockade;-2;bloqueo
blockbuster;3;éxito de taquilla
blocked;-1;obstruido
blocks;-1;bloques
bloody;-3;sangriento
blurry;-2;borroso
boastful;-2;jactancioso
bold;2;negrita
boldly;2;valientemente
bomb;-1;bomba
boost;1;aumentar
boosted;1;impulsado
boosting;1;impulsando
boosts;1;impulsa
bore;-2;aburrir
bored;-2;aburrido
boycott;-2;boicotear
boycotted;-2;boicoteado
boycotts;-2;boicots
brainwashing;-3;lavado del cerebro
brave;2;valiente
braveness;2;valentía
bravura;3;bravura
breach;-2;incumplimiento
breached;-2;violado
breaches;-2;infracciones
breaching;-2;violar
breakthrough;3;penetración
bribe;-3;soborno
bribed;-3;sobornado
bribes;-3;sobornos
bright;1;brillante
brightest;2;más brillante
brightness;1;brillo
brilliance;3;brillantez
brilliances;3;brillantes
brisk;2;enérgico
broke;-1;rompió
broken;-1;roto
brooding;-2;inquietante
brutal;-3;brutal
brutally;-3;brutalmente
bullied;-2;intimidado
bully;-2;matón
bullying;-2;acoso
bummer;-2;gorrón
buoyant;2;boyante
burden;-2;carga
burdened;-2;agobiado
burdening;-2;agobiante
burdens;-2;cargas
burglar;-2;ladrón
burglary;-2;robo
calm;2;calma
calmed;2;calmado
calming;2;calmante
can't stand;-3;no puedo soportar
cancel;-1;cancelar
cancelled;-1;cancelado
cancels;-1;cancela
cancer;-1;cáncer
capabilities;1;capacidades
capable;1;capaz
captivated;3;cautivado
care;2;cuidado
carefree;1;despreocupado
careful;2;cuidado
carefully;2;cuidadosamente
careless;-2;descuidado
cares;2;se preocupa
caring;2;cuidando
cashing in;-2;cobrar
casualty;-2;víctima
catastrophe;-3;catástrofe
catastrophic;-4;catastrófico
cautious;-1;cauteloso
celebrate;3;celebrar
celebrated;3;celebrado
celebrates;3;celebra
celebrating;3;celebrando
celebration;3;celebracion
celebrations;3;celebraciones
censor;-2;censurar
censored;-2;censurado
censors;-2;censores
certain;1;cierto
chagrin;-2;disgusto
chagrined;-2;disgustado
challenge;-1;desafío
champion;2;campeón
championed;2;defendido
champions;2;campeones
chance;2;oportunidad
chances;2;posibilidades
chaos;-2;caos
chaotic;-2;caótico
charged;-3;cargado
charges;-2;cargos
charisma;2;carisma
charitable;2;caritativo
charm;3;encanto
charming;3;encantador
charmingly;3;encantadoramente
charmless;-3;sin encanto
chastise;-3;castigar
chastised;-3;castigado
chastises;-3;castiga
cheat;-3;engañar
cheater;-3;tramposo
cheaters;-3;tramposos
cheating;-3;engañando
cheats;-3;trampas
cheer;2;animar
cheered;2;animado
cheerfully;2;alegremente
cheerless;-2;triste
cheers;2;salud
cherished;2;querido
chic;2;elegante
chide;-3;reprendo
chided;-3;reprendido
chides;-3;regaña
chiding;-3;regañar
childish;-2;infantil
chilling;-1;relajado
choke;-2;ahogo
choked;-2;ahogado
chokes;-2;ahoga
choking;-2;asfixia
clarifies;2;aclara
clarity;2;claridad
clash;-2;choque
classy;3;de buen tono
clean;2;limpiar
cleaner;2;limpiador
clear;1;claro
cleared;1;despejado
clearly;1;claramente
clever;2;inteligente
clouded;-1;nublado
clueless;-2;despistado
cock;-5;polla
cocksucker;-5;chupapollas
cocky;-2;engreído
coerced;-2;coaccionado
coercion;-2;coerción
collapse;-2;colapso
collapsed;-2;colapsado
collapses;-2;colapsa
collapsing;-2;colapsando
collide;-1;chocar
collides;-1;choca
collision;-2;colisión
collisions;-2;colisiones
colluding;-3;coludir
combat;-1;combate
combats;-1;combates
comedy;1;comedia
comfort;2;comodidad
comfortable;2;cómodo
comfortably;2;cómodamente
comforting;2;consolador
comforts;2;comodidades
comic;1;cómic
commend;2;elogiar
commended;2;elogiado
commit;1;cometer
commitment;2;compromiso
commits;1;comete
committed;1;comprometido
committing;1;cometiendo
compassion;2;compasión
compassionate;2;compasivo
compelled;1;obligado
competencies;1;competencias
competent;2;competente
competitive;2;competitivo
complacent;-2;suficiente
complain;-2;quejar
complained;-2;se quejó
complaining;-2;quejumbroso
complains;-2;se queja
complaint;-2;queja
complaints;-2;quejas
complicating;-2;complicando
compliment;2;cumplido
complimented;2;felicitado
compliments;2;cumplidos
comprehensive;2;exhaustivo
concerned;-2;preocupado
conciliate;2;conciliar
conciliated;2;conciliado
conciliates;2;concilia
conciliating;2;conciliador
condemn;-2;condenar
condemnation;-2;condenación
condemned;-2;condenado
condemns;-2;condena
confidence;2;confianza
confident;2;confidente
confidently;2;con confianza
conflict;-2;conflicto
conflicting;-2;contradictorio
conflictive;-2;conflictivo
conflicts;-2;conflictos
confuse;-2;confundir
confused;-2;confuso
congrats;2;felicidades
congratulate;2;felicitar
congratulation;2;felicitaciones
congratulations;2;felicidades
consent;2;consentimiento
consents;2;consiente
consolable;2;consolable
conspiracy;-3;conspiración
constipation;-2;estreñimiento
constrained;-2;constreñido
contagion;-2;contagio
contagions;-2;contagios
contagious;-1;contagioso
contaminant;-2;contaminante
contaminants;-2;contaminantes
contaminate;-2;contaminar
contaminated;-2;contaminado
contaminates;-2;contamina
contaminating;-2;contaminando
contamination;-2;contaminación
contaminations;-2;contaminaciones
contempt;-2;desprecio
contemptible;-2;despreciable
contemptuous;-2;desdeñoso
contemptuously;-2;desdeñosamente
contend;-1;contender
contender;-1;contendiente
contentious;-2;contencioso
contestable;-2;contestable
controversial;-2;polémico
controversially;-2;controvertidamente
controversies;-2;controversias
controversy;-2;controversia
convicted;-2;convicto
convince;1;convencer
convinced;1;convencido
convinces;1;convence
cool;1;frio
cool stuff;3;cosas interesantes
cornered;-2;arrinconado
corpse;-1;cadáver
corrupt;-3;corrupto
corrupting;-3;corrompiendo
corruption;-3;corrupción
corrupts;-3;corrompe
costly;-2;costoso
courage;2;valor
courteous;2;cortés
courtesy;2;cortesía
cover-up;-3;cubrir
coward;-2;cobarde
cowardly;-2;cobardemente
cramp;-1;calambre
crappy;-3;de mierda
crazier;-2;más loco
craziest;-2;mas loco
crazy;-2;loca
creative;2;creativo
crestfallen;-2;cabizbajo
cried;-2;llorado
cries;-2;llantos
crime;-3;crimen
crimes;-3;crímenes
criminal;-3;delincuente
criminals;-3;criminales
criminate;-3;criminar
criminated;-3;criminado
criminates;-3;crimina
crisis;-3;crisis
critic;-2;crítico
criticise;-2;criticar
criticised;-2;criticado
criticises;-2;critica
criticising;-2;criticando
criticism;-2;crítica
critics;-2;críticos
crowding;-1;apiñamiento
crude;-1;crudo
cruel;-3;cruel
cruelty;-3;crueldad
crush;-1;persona especial
crushed;-2;aplastada
crushes;-1;aplasta
crushing;-1;aplastante
cry;-1;llorar
crying;-2;llorando
cunning;2;astucia
cunt;-5;coño
curious;1;curioso
curse;-1;maldición
cut;-1;cortar
cutback;-2;reducir
cutbacks;-2;recortes
cute;2;lindo
cuts;-1;cortes
cutting;-1;corte
cynic;-2;cínico
cynicism;-2;cinismo
damage;-3;dañar
damaged;-3;dañado
damages;-3;daños y perjuicios
damaging;-3;perjudicial
damn;-2;maldición
damn cute;3;malditamente lindo
damn good;4;jodidamente bueno
damned;-4;maldito
danger;-2;peligro
dangerous;-2;peligroso
dangerously;-2;peligrosamente
daredevil;2;temerario
daring;2;atrevido
darkest;-2;mas oscuro
darkness;-1;oscuridad
dauntless;2;intrépido
dazzling;3;deslumbrante
dead;-3;muerto
deadening;-2;amortiguamiento
deadlock;-2;punto muerto
deadly;-3;mortal
deafening;-1;ensordecedor
dearly;3;caro
death;-2;muerte
deaths;-2;fallecidos
debt;-2;deuda
deceit;-3;engaño
deceitful;-3;engañoso
deceives;-3;engaña
decisive;1;decisivo
dedicated;2;dedicado
dedication;2;dedicación
defeat;-2;derrota
defeated;-2;derrotado
defect;-3;defecto
defective;-3;defectuoso
defects;-3;defectos
defender;2;defensor
defenders;2;defensores
defenseless;-2;indefenso
defer;-1;aplazar
deferring;-1;aplazando
defiant;-1;desafiante
deficient;-2;deficiente
deficiency;-2;deficiencia
deficiencies;-2;deficiencias
deficit;-2;déficit
deformed;-2;deformado
deformities;-2;deformidades
deformity;-2;deformidad
defraud;-3;defraudar
defrauds;-3;defrauda
deft;2;hábil
defunct;-2;difunto
degrade;-2;degradar
degraded;-2;degradado
degrades;-2;degrada
dehumanize;-2;deshumanizar
dehumanized;-2;deshumanizado
dehumanizes;-2;deshumaniza
dehumanizing;-2;deshumanizante
deject;-2;presar
dejected;-2;abatido
dejects;-2;abatidos
delay;-1;retrasar
delayed;-1;retrasado
delectable;3;delicioso
delight;3;deleite
delighted;3;encantado
delightfully;3;deliciosamente
delighting;3;deleitando
delights;3;delicias
demand;-1;demanda
demanded;-1;exigido
demanding;-1;exigente
demands;-1;demandas
demonstration;-1;demostración
demoralize;-2;desmoralizar
demoralized;-2;desmoralizado
demoralizes;-2;desmoraliza
demoralizing;-2;desmoralizador
denial;-2;negación
denials;-2;negaciones
denied;-2;negado
denier;-2;negacionista
deniers;-2;negadores
denies;-2;niega
denounce;-2;denunciar
denounces;-2;denuncia
dent;-2;mella
deny;-2;negar
denying;-2;negando
deplore;-3;deplorar
deplored;-3;deplorado
deplores;-3;deplora
deploring;-3;deplorando
deport;-2;deportar
deported;-2;deportado
deports;-2;deporta
deportation;-2;deportación
deportations;-2;deportaciones
depressed;-2;deprimido
depressing;-2;deprimente
deprivation;-3;privación
derail;-2;hacer descarrilar
derailed;-2;descarrilado
derails;-2;descarrila
deride;-2;ridiculizar
derided;-2;ridiculizado
derides;-2;burlas
derision;-2;burla
desirable;2;deseable
desire;1;deseo
desired;2;deseado
desirous;2;deseoso
despair;-3;desesperación
despairing;-3;desesperado
despairs;-3;desesperaciones
desperately;-3;desesperadamente
destroy;-3;destruir
destroyed;-3;destruido
destroying;-3;destruyendo
destroys;-3;destruye
destruction;-3;destrucción
destructive;-3;destructivo
detached;-1;separado
detain;-2;detener
detention;-2;detención
deteriorate;-2;deteriorarse
deteriorated;-2;deteriorado
deteriorates;-2;se deteriora
deteriorating;-2;deteriorando
determined;2;determinado
deterrent;-2;disuasorio
detract;-1;detraer
detracted;-1;restado
detracts;-1;resta
devastate;-2;devastar
devastated;-2;devastado
devastating;-2;devastador
devastation;-2;devastación
devastations;-2;devastaciones
devoted;3;devoto
devotion;2;devoción
devotional;2;piadoso
diamond;1;diamante
die;-3;morir
died;-3;murió
difficult;-1;difícil
diffident;-2;tímido
dignity;2;dignidad
dilemma;-1;dilema
dilligence;2;diligencia
dipshit;-3;idiota
dire;-3;terrible
dirt;-2;suciedad
dirtier;-2;más sucio
dirty;-2;sucio
disabilities;-2;discapacidades
disability;-2;discapacidad
disabling;-1;inhabilitando
disadvantage;-2;desventaja
disadvantaged;-2;perjudicado
disagree;-2;discrepar
disagreeable;-2;desagradable
disagreement;-2;desacuerdo
disappear;-1;desaparecer
disappeared;-1;desaparecido
disappears;-1;desaparece
disappoint;-2;decepcionar
disappointed;-2;decepcionado
disappointing;-2;decepcionante
disappointment;-2;decepción
disappointments;-2;decepciones
disappoints;-2;decepciona
disapproval;-2;desaprobación
disapprovals;-2;desaprobaciones
disapprove;-2;desaprobar
disapproved;-2;desaprobado
disapproves;-2;desaprueba
disapproving;-2;desaprobando
disaster;-2;desastre
disasters;-2;desastres
disastrous;-3;desastroso
disbelieve;-2;no creer
discard;-1;descarte
discarded;-1;descartado
discarding;-1;descartando
discards;-1;descartes
discernment;2;discernimiento
discomfort;-2;malestar
disconsolation;-2;desconsolación
discontented;-2;descontento
discord;-2;discordia
discounted;-1;descontado
discouraged;-2;desanimado
discredited;-2;desacreditado
discriminate;-2;discriminar
discriminated;-2;discriminado
discriminates;-2;discrimina
discriminating;-2;discriminante
discriminatory;-2;discriminatorio
disdain;-2;desdén
disease;-1;enfermedad
diseases;-1;enfermedades
disgrace;-2;desgracia
disgraced;-2;deshonrado
disguise;-1;disfraz
disguised;-1;disfrazado
disguises;-1;disfraces
disgust;-3;asco
disgustful;-3;repugnante
dishonest;-2;deshonesto
disillusioned;-2;desilusionado
disinclined;-2;poco inclinado
disjointed;-2;inconexo
dislikes;-2;no le gusta
dismayed;-2;consternado
disorder;-2;trastorno
disorders;-2;trastornos
disorganized;-2;desestructurado
disoriented;-2;desorientado
disparage;-2;menospreciar
disparages;-2;menosprecio
disparaging;-2;despectivo
disproportionate;-2;desproporcionado
dispute;-2;disputa
disputed;-2;cuestionado
disputes;-2;disputas
disputing;-2;disputando
disqualified;-2;descalificado
disquiet;-2;desasosiego
disregard;-2;indiferencia
disregarded;-2;ignorado
disregarding;-2;despreciando
disregards;-2;desprecia
disrespect;-2;falta de respeto
disrespected;-2;irrespetado
disrupt;-2;interrumpir
disrupted;-2;interrumpido
disruption;-2;ruptura
disruptions;-2;interrupciones
disruptive;-2;disruptivo
disrupts;-2;interrumpe
dissatisfied;-2;insatisfecho
distinguished;2;distinguido
distort;-2;distorsionar
distorted;-2;distorsionado
distorting;-2;distorsionista
distorts;-2;distorsiona
distract;-2;distraer
distracted;-2;distraído
distraction;-2;distracción
distracts;-2;distrae
distresses;-2;angustias
distressing;-2;angustioso
distrust;-3;desconfianza
distrustful;-3;desconfiado
disturbed;-2;perturbado
disturbing;-2;disturbing
disturbs;-2;perturba
dithering;-2;vacilante
diverting;-1;diverting
dizzy;-1;mareado
dodging;-2;regate
dodgy;-2;dodgy
does not work;-3;does not work
dolorous;-2;doloroso
donate;2;donar
donated;2;donado
donates;2;dona
donating;2;donando
donation;2;donación
dont like;-2;no me gusta
doubt;-1;duda
doubted;-1;dudado
doubtful;-1;dudoso
doubting;-1;inseguro
doubts;-1;dudas
douche;-3;ducha
dour;-2;austero
downcast;-2;alicaído
downside;-2;abajo
drag;-1;drag
dragged;-1;arrastrado
drags;-1;arrastra
drained;-2;drained
dread;-2;pavor
dreaded;-2;temido
dreading;-2;dreading
dream;1;dream
dreams;1;sueños
droopy;-2;caído
drop;-1;soltar
drown;-2;ahogar
drowned;-2;ahogue
drowns;-2;se ahoga
drudgery;-2;trabajo penoso
drunk;-2;borracho
dud;-2;falso
dumb;-3;tonto
dumbass;-3;dumbass
dump;-1;tugurio
dumped;-2;arrojado
dumps;-1;dumps
durable;2;durable
dying;-3;moribundo
dysfunction;-2;disfunción
earnest;2;serio
ease;2;facilitar
easy;1;easy
ecstatic;4;ecstatic
eerie;-2;misterioso
effective;2;eficaz
effectively;2;efectivamente
effectiveness;2;eficacia
effortlessly;2;sin esfuerzo
elated;3;exaltado
elation;3;elación
elegantly;2;esmeradamente
embarrass;-2;avergonzar
embarrassed;-2;desconcertado
embarrasses;-2;vergüenza
embarrassing;-2;embarazoso
embezzlement;-3;malversación
embittered;-2;embittered
embrace;1;abrazo
emergency;-2;emergency
empathetic;2;empático
empower;2;autorizar
empowerment;2;empowerment
emptiness;-1;vacío
enchanted;2;encantada
encourage;2;alentar
encouraged;2;alentado
encouragement;2;ánimo
encourages;2;encourages
encouraging;2;alentador
endorse;2;endosar
endorsed;2;endorsed
endorses;2;respalda
enemies;-2;enemigos
enemy;-2;enemigo
energetic;2;energético
engage;1;contratar
engages;1;engages
engrossed;1;absorto
engrossing;3;fascinante
enjoy;2;enjoy
enjoyed;2;disfrutado
enjoying;2;disfrutando
enjoys;2;disfruta
enlighten;2;iluminar
enlightened;2;ilustrado
enlightening;2;esclarecedor
enlightens;2;ilumina
ennui;-2;tedio
enrage;-2;enrage
enraged;-2;enfurecido
enrages;-2;enrages
enraging;-2;enfureciendo
enrapture;3;enrapture
enslave;-2;esclavizar
enslaved;-2;enslaved
enslaves;-2;esclaviza
ensure;1;asegurar
ensuring;1;asegurando
enterprising;1;emprendedor
entertaining;2;entretenido
enthral;3;cautivar
enthusiastic;3;enthusiastic
entitled;1;entitled
entrusted;2;confiado
envies;-1;envidias
envious;-2;envidioso
environment-friendly;2;favorable al medio ambiente
envy;-1;envy
erroneous;-2;erróneo
error;-2;error
errors;-2;errores
escape;-1;escape
escapes;-1;escapa
escaping;-1;escapando
esteem;2;estima
ethical;2;ético
euphoria;3;euforia
euphoric;4;eufórico
evacuate;-1;evacuate
evacuated;-1;evacuado
evacuates;-1;evacua
evacuating;-1;evacuar
evacuation;-1;evacuación
evergreen;2;hojas perennes
evergreens;2;árboles de hoja perenne
evergreening;-3;siempre verde
eviction;-1;eviction
exacerbate;-2;exacerbar
exacerbated;-2;exacerbado
exacerbates;-2;exacerbates
exacerbating;-2;exacerbando
exaggerate;-2;exagerar
exaggerated;-2;exagerado
exaggerates;-2;exagera
exaggerating;-2;exaggerating
exasparate;-2;exasperado
exasperated;-2;exasperated
exasperates;-2;exaspera
exasperating;-2;exasperating
excellence;3;excelencia
excellent;3;excelente
excite;3;excitar
excitement;3;emoción
exciting;3;emocionante
exclude;-1;excluir
excluded;-2;excluido
exclusion;-1;exclusión
exclusive;2;exclusivo
excruciatingly;-1;terriblemente
excuse;-1;excusa
exempt;-1;eximir
exhausted;-2;agotado
exhilarated;3;regocijado
exhilarates;3;exhilarates
exhilarating;3;estimulante
exonerate;2;exonerate
exonerated;2;exonerado
exonerates;2;exonera
exonerating;2;exonerando
expand;1;expandir
expands;1;se expande
expel;-2;expulsar
expelled;-2;expulsado
expels;-2;expulsa
expertly;2;expertamente
exploit;-2;explotar
exploited;-2;explotado
exploiting;-2;explotando
exploits;-2;hazañas
exploration;1;exploration
explorations;1;explorations
expose;-1;exponer
exposed;-1;expuesto
exposes;-1;expone
exposing;-1;exposing
exquisite;3;exquisite
extend;1;ampliar
extends;1;extends
extremist;-2;extremista
extremists;-2;extremistas
exuberant;4;exuberante
exultant;3;jubiloso
exultantly;3;exultante
fabulous;4;fabuloso
fabulously;4;fabulosamente
fad;-2;moda
fag;-3;maricón
faggots;-3;maricones
fail;-2;fallar
failed;-2;ha fallado
fails;-2;falla
failure;-2;fracaso
failures;-2;fracasos
fainthearted;-2;débil de corazón
fair;2;justa
fairness;2;fairness
faith;1;fe
faithful;3;fiel
faker;-3;farsante
fakes;-3;fakes
faking;-3;fingir
falling;-1;falling
falsely;-2;falsamente
falsified;-3;falsified
falsify;-3;falsificar
fame;1;fama
famine;-2;hambruna
famous;2;famoso
fan;3;ventilador
fantastic;4;fantástico
farce;-1;farsa
fascinate;3;fascinar
fascinated;3;fascinado
fascinates;3;fascinates
fascination;3;fascination
fascist;-2;fascista
fascists;-2;fascistas
fatal;-3;fatal
fatalities;-3;fatalities
fatality;-3;fatalidad
fatigue;-2;fatiga
fatigued;-2;fatigado
fatigues;-2;fatigas
fatiguing;-2;fatigoso
favor;2;favor
favorable;2;favorable
favorably;2;favorablemente
favored;2;favorecido
favorite;2;favorito
favorites;2;favoritos
favors;2;favors
favoured;2;favoured
favourited;2;favourited
favours;2;favores
fear;-2;temor
fearfully;-2;con miedo
fearing;-2;temiendo
fearlessness;2;intrepidez
fearsome;-2;fearsome
fed up;-3;harto
feeble;-2;feeble
feeling;1;sensación
felonies;-3;delitos graves
felony;-3;delito
fertile;2;fértil
fervent;2;ferviente
fervid;2;fervoroso
festive;2;festivo
fever;-2;fever
fiasco;-3;fiasco
fidgety;-2;nervioso
fight;-1;lucha
fine;2;multa
fines;-2;fines
fire;-2;fire
fired;-2;fired
firing;-2;disparo
fit;1;ajuste
fitness;1;aptitud
filth;-2;inmundicia
filthy;-2;inmundo
flagship;2;flagship
flawed;-3;flawed
flawless;2;perfecto
flawlessly;2;impecablemente
flees;-1;huye
flu;-2;gripe
flustered;-2;aturdido
focused;2;focused
fond;2;aficionado
fondness;2;cariño
foolish;-2;foolish
fools;-2;tontos
forbid;-1;prohibir
forbidding;-2;amenazante
forced;-1;forzado
foreclosure;-2;juicio hipotecario
foreclosures;-2;ejecuciones hipotecarias
forefront;1;primer plano
forget;-1;olvidar
forgetful;-2;olvidadizo
forgettable;-1;olvidable
forgive;1;perdonar
forgiving;1;indulgente
forgot;-1;olvidó
forgotten;-1;olvidado
fortune;2;fortuna
fortunate;2;afortunado
fortunately;2;por suerte
foul;-3;falta
frantic;-1;frenético
fraud;-4;fraude
frauds;-4;fraudes
fraudster;-4;estafador
fraudsters;-4;estafadores
fraudulent;-4;fraudulento
freak;-2;monstruo
free;1;gratis
freedom;2;libertad
freedoms;2;libertades
frenzy;-3;frenesí
fresh;1;fresco
friend;1;amigo
friendliness;2;amabilidad
friendly;2;simpático
friendship;2;amistad
fright;-2;susto
frightened;-2;asustado
frightening;-3;aterrador
frikin;-2;frikin
frisky;2;retozón
frowning;-1;ceñudo
fruitless;-2;infructuoso
frustrate;-2;frustrar
frustrated;-2;frustrado
frustrates;-2;frustra
frustrating;-2;frustrante
frustration;-2;frustración
ftw;3;ftw
fuck;-4;fuck
fucked;-4;jodido
fucker;-4;cabron
fuckface;-4;cara de mierda
fuckin;-4;puto
fucking amazing;4;fucking amazing
fucking beautiful;4;jodidamente hermosa
fucking cute;4;jodidamente lindo
fucking fantastic;4;jodidamente fantástico
fucking great;4;jodidamente genial
fucking hot;2;fucking hot
fucking love;4;maldito amor
fucking loves;4;malditos amores
fucking perfect;4;jodidamente perfecto
fucktard;-4;joder
fud;-3;fud
fulfill;2;cumplir
fulfillment;2;cumplimiento
fulfills;2;cumple
fuming;-2;echando humo
funeral;-1;funeral
funerals;-1;funerales
funky;2;miedoso
funnier;4;más divertido
funny;4;funny
furious;-3;furioso
futile;-2;fútil
gag;-2;mordaza
gagged;-2;gagged
gain;2;ganancia
gained;2;ganado
gaining;2;ganando
gains;2;ganancias
gallant;3;galante
gallantly;3;gallardamente
gallantry;3;galantería
game-changing;3;cambio de juego
garbage;-1;basura
gem;3;joya
generous;2;generoso
generously;2;generosamente
genial;3;genial
ghost;-1;fantasma
gift;2;gift
glamourous;3;glamoroso
glee;3;alegría
gloomy;-2;melancólico
glorious;2;glorioso
glory;2;gloria
glum;-2;sombrío
god;1;dios
goddamn;-3;goddamn
gold;2;oro
good;3;bueno
goodlooking;3;guapo
goodmorning;1;goodmorning
goodness;3;bondad
goodwill;3;buena voluntad
goofiness;-2;tontería
goofy;-2;mentecato
grace;1;gracia
graceful;2;agraciado
gracious;3;cortés
grand;3;grand
grant;1;conceder
granted;1;concedido
granting;1;otorgando
grants;1;grants
grateful;3;agradecido
gratification;2;gratificación
grave;-2;grave
gray;-1;gray
grisly;-2;espeluznante
greater;3;mayor
greed;-3;codicia
greedy;-2;codicioso
green wash;-3;lavado verde
greenwash;-3;greenwash
greenwasher;-3;lavaverde
greenwashers;-3;lavadores verdes
greet;1;saludar
greeted;1;saludado
greeting;1;saludo
greetings;2;saludos
greets;1;saluda
grey;-1;gris
grieved;-2;apenado
grim;-2;severo
gripping;2;agarre
groan;-2;gemido
groaned;-2;gimió
groaning;-2;gimiendo
groans;-2;gemidos
gross;-2;gross
growing;1;creciente
growth;2;crecimiento
growths;2;crecimientos
guarantee;1;garantía
guilty;-3;culpable
gullibility;-2;gullibility
gullible;-2;gullible
gun;-1;pistola
ha;2;decir ah
hacked;-1;pirateado
haha;3;jaja
hahaha;3;jajaja
hail;2;granizo
hallelujah;3;hallelujah
handpicked;1;handpicked
hapless;-2;desventurado
haplessness;-2;haplessness
happiest;3;mas feliz
harass;-3;acosar
harassed;-3;acosado
harasses;-3;acosa
harassing;-3;harassing
hardier;2;mas resistente
hardy;2;resistente
harm;-2;daño
harming;-2;perjudicando
harmony;2;armonía
harmonious;2;armonioso
harmoniously;2;armoniosamente
harms;-2;daña
harsh;-2;duro
harsher;-2;más duro
harshest;-2;mas duro
harshly;-2;duramente
hate;-3;odio
hated;-3;odiado
hater;-3;odiador
haters;-3;odiadores
hates;-3;hates
hating;-3;odiando
haunt;-1;haunt
haunted;-2;haunted
haunting;1;obsesionante
haunts;-1;acecha
havoc;-2;estragos
headache;-2;dolor de cabeza
healthy;2;healthy
heartfelt;3;sentido
heartwarming;3;reconfortante
heaven;2;cielo
heavenly;4;celestial
heavyhearted;-2;corazón pesado
hehe;2;hehe
hell;-4;infierno
hellish;-2;infernal
help;2;ayuda
helpful;2;helpful
helping;2;ayudar
hero;2;héroe
heroes;2;heroes
heroic;3;heroico
hesitate;-2;hesitate
hid;-1;escondido
hide;-1;hide
hides;-1;se esconde
hiding;-1;ocultación
highlight;2;realce
hilarious;2;divertidísimo
hinder;-2;impedir
hindrance;-2;obstáculo
hollow;-1;hueco
homeless;-2;vagabundo
homesick;-2;nostálgico
homicide;-2;homicidio
homicides;-2;homicidios
honest;2;honesto
honor;2;honor
honored;2;honrado
honoring;2;honrando
hooligan;-2;gamberro
hooliganism;-2;gamberrismo
hooligans;-2;hooligans
hope;2;hope
hopeful;2;esperanzado
hopefully;2;ojalá
hopeless;-2;sin esperanza
hopes;2;esperanzas
hoping;2;esperando
horrendous;-3;horrendous
horrific;-3;horrendo
hospitalized;-2;hospitalizado
hostile;-2;hostile
huckster;-2;mercachifle
huge;1;enorme
hugs;2;abrazos
humane;2;humano
humble;1;humilde
humerous;3;chistoso
humiliated;-3;humillado
humiliation;-3;humillación
humor;2;humor
humorous;2;humorous
hunger;-2;hunger
hurrah;5;hurra
hurt;-2;herir
hurting;-2;lastimando
hurts;-2;duele
hypocritical;-2;hypocritical
hysteria;-3;histeria
hysterical;-3;histérico
hysterics;-3;histerismo
icky;-3;asqueroso
idiocy;-3;idiotez
ignorance;-2;ignorancia
ignorant;-2;ignorante
ignore;-1;ignorar
ignores;-1;ignores
ill;-2;enfermo
ill-fated;-2;desafortunado
illegal;-3;ilegal
illegally;-3;ilegalmente
illegitimate;-3;ilegítimo
illiteracy;-2;analfabetismo
illness;-2;illness
illogical;-2;ilógico
imaginative;2;imaginativo
imbecile;-3;imbécil
immobilized;-1;inmovilizado
immortal;2;immortal
immune;1;inmune
impair;-2;perjudicar
impairs;-2;perjudica
impatient;-2;impaciente
impeachment;-3;el proceso de destitución
impeachments;-3;destituciones
impeded;-2;impedido
impedes;-2;impide
impeding;-2;impidiendo
imperfect;-2;imperfecto
importance;2;importance
important;2;importante
impose;-1;imponer
imposed;-1;impuesto
imposes;-1;impone
imposing;-1;imponente
imposter;-2;impostor
impotent;-2;impotente
impress;3;impresionar
impressed;3;impresionado
impresses;3;impresiona
impressive;3;impresionante
imprisoned;-2;encarcelado
imprisonment;-2;prisión
improper;-2;incorrecto
improperly;-2;incorrectamente
improve;2;mejorar
improved;2;mejorado
improvement;2;mejora
improving;2;mejorando
inability;-2;incapacidad
inaction;-2;en acción
inadequate;-2;inadecuado
inadvertently;-2;por inadvertencia
inappropriate;-2;inapropiado
incapable;-2;incapaz
incapacitated;-2;incapacitado
incapacitates;-2;incapacita
incapacitating;-2;incapacitante
incense;-2;incienso
incensed;-2;indignado
incenses;-2;inciensos
incensing;-2;incensar
incoherent;-2;incoherent
incompetence;-2;incompetencia
incompetent;-2;incompetente
incomplete;-1;incompleto
incomprehensible;-2;incomprensible
inconsiderate;-2;desconsiderado
inconvenience;-2;inconveniencia
inconvenient;-2;inconveniente
increase;1;incrementar
increased;1;aumentado
indecisive;-2;indeciso
indestructible;2;indestructible
indifferent;-2;indiferente
indignation;-2;indignación
indoctrinate;-2;adoctrinar
indoctrinated;-2;adoctrinado
indoctrinates;-2;adoctrina
indoctrinating;-2;adoctrinando
inediable;-2;incomible
inexorable;-3;inexorable
inexcusable;-3;inexcusable
ineffective;-2;ineficaz
inefficiency;-2;ineficacia
inefficient;-2;ineficiente
inefficiently;-2;ineficientemente
inept;-2;inepto
ineptitude;-2;ineptitud
infantilized;-2;infantilizado
infatuated;2;chiflado por
infatuation;2;obsesión
infect;-2;infectar
infected;-2;infectado
infecting;-2;infectando
infection;-2;infección
infections;-2;infecciones
infectious;-2;infeccioso
infects;-2;infecta
inferior;-2;inferior
infest;-2;infestar
infested;-2;infestado
infesting;-2;infestando
infests;-2;infesta
inflamed;-2;enconado
inflict;-2;inflict
inflicted;-2;inflicted
inflicting;-2;infligir
inflicts;-2;inflige
influential;2;influential
infract;-2;infract
infracted;-2;infringido
infracting;-2;infraccionando
infracts;-2;infracts
infringement;-2;infracción
infuriate;-2;enfurecer
infuriates;-2;infuriates
infuriating;-2;infuriating
inhibit;-1;inhibir
inhuman;-2;inhumano
injured;-2;lesionado
injuries;-2;lesiones
injury;-2;lesión
injustice;-2;injustice
innovate;1;innovar
innovates;1;innova
innovation;1;innovación
innovative;2;innovador
inoperative;-2;inoperative
inquisition;-2;inquisición
inquisitive;2;inquisitivo
insane;-2;insano
insanity;-2;locura
insensitive;-2;insensible
insensitivity;-2;insensibilidad
insignificant;-2;insignificante
insipid;-2;insipid
insolvent;-2;insolvent
insomnia;-2;insomnia
inspiration;2;inspiración
inspirational;2;inspirador
inspire;2;inspirar
inspired;2;inspirado
inspires;2;inspires
insufficiency;-2;insuficiencia
insufficient;-2;insufficient
insufficiently;-2;insuficientemente
insult;-2;insulto
insulted;-2;insultado
insulting;-2;insultante
insults;-2;insultos
intact;2;intacto
integrity;2;integridad
intense;1;intenso
interest;1;interesar
interested;2;interesado
interesting;2;interesante
interests;1;intereses
interrogated;-2;interrogado
interrupting;-2;interrumpiendo
interruption;-2;interrupción
intimacy;2;intimidad
intimidate;-2;intimidar
intimidates;-2;intimida
intimidating;-2;intimidante
intimidation;-2;intimidación
intransigence;-2;intransigencia
intricate;2;intrincado
intrigues;1;intrigas
invasion;-1;invasión
invincible;2;invencible
invite;1;invitación
invulnerable;2;invulnerable
irate;-3;airado
ironic;-1;irónico
irony;-1;ironía
irrational;-1;irracional
irreparable;-2;irreparable
irreproducible;-2;irreproducible
irresistible;2;irresistible
irresistibly;2;irresistiblemente
irresolute;-2;irresoluto
irresponsible;-2;irresponsable
irresponsibly;-2;irresponsablemente
irreversible;-1;irreversible
irreversibly;-1;irreversiblemente
irritate;-3;irritar
irritates;-3;irrita
irritating;-3;irritante
isolated;-1;aislado
itchy;-2;que produce picor
jackass;-4;burro
jackasses;-4;imbéciles
jealous;-2;celoso
jealousy;-2;celos
jerk;-3;jerk
jesus;1;jesús
jewels;1;joyas
jocular;2;jocoso
join;1;unirse
joke;2;broma
jokes;2;chistes
jolly;2;jolly
jovial;2;jovial
joyfully;3;joyfully
jumpy;-1;asustadizo
justice;2;justicia
justifiably;2;justificadamente
justified;2;justificado
keen;1;afilado
kickback;-3;contragolpe
kidnap;-2;secuestrar
kidnaps;-2;secuestra
kill;-3;matar
killed;-3;delicado
kills;-3;kills
kind;2;tipo
kind of;0;mas o menos
kinder;2;más amable
kiss;2;beso
kudos;3;prestigio
lack;-2;ausencia
lackadaisical;-2;lánguido
lag;-1;retraso
lagging;-2;rezagado
lags;-2;retrasos
lame;-2;cojo
landmark;2;punto de referencia
lapse;-1;lapso
lapsed;-1;transcurrido
laugh;1;risa
laughed;1;laughed
laughing;1;riendo
laughs;1;se ríe
launched;1;lanzado
lawl;3;lawl
lawsuit;-2;demanda judicial
lawsuits;-2;pleitos
lazy;-1;perezoso
leadership;1;leadership
leading;2;líder
leak;-1;fuga
leaked;-1;filtrado
leave;-1;salir
legal;1;legal
legally;1;legalmente
lethal;-2;letal
lethality;-2;letalidad
lethargic;-2;letárgico
lethargy;-2;letargo
liar;-3;mentiroso
liars;-3;mentirosos
libelous;-2;libelous
lied;-2;mintió
lifeless;-1;sin vida
lifesaver;4;salvador de la vida
like;2;me gusta
liked;2;gustó
likes;2;gustos
liking;2;liking
limitation;-1;limitación
limited;-1;limitado
limits;-1;limites
litigation;-1;litigio
litigious;-2;litigioso
livid;-2;lívido
lmao;4;lmao
lmfao;4;lmfao
loathe;-3;detestar
loathes;-3;detesta
loathing;-3;aversión
lobbied;-2;presionado
lobby;-2;lobby
lobbying;-2;cabildeo
lobbyist;-2;cabildero
lobbyists;-2;cabilderos
lolol;4;lolol
lololol;4;lololol
lolololol;4;lolololol
lonely;-2;solitario
longing;-1;nostalgia
lool;3;lool
loom;-1;telar
loomed;-1;acechaba
looming;-1;inminente
looms;-1;telares
loool;3;loool
looool;3;looool
loose;-3;suelto
looses;-3;looses
loser;-3;perdedor
losing;-3;perdiendo
loss;-3;pérdida
losses;-3;pérdidas
lost;-3;lost
lousy;-2;malísimo
lovable;3;amable
love;3;amor
lovelies;3;encantadores
loves;3;ama
loving;2;amoroso
loving-kindness;3;bondad amorosa
lowest;-1;más bajo
loyal;3;leal
loyalty;3;lealtad
luck;3;suerte
lucrative;3;lucrativo
ludicrous;-3;ridículo
lugubrious;-2;lúgubre
lunatic;-3;lunático
lunatics;-3;lunáticos
lurk;-1;acechar
lurking;-1;alfombrilla de ratón
luxury;2;lujo
macabre;-2;macabro
maddening;-3;enloquecedor
made-up;-1;arreglado
madly;-3;locamente
madness;-3;locura
magnificent;3;magnífico
maladaption;-2;mala adaptación
maldevelopment;-2;mal desarrollo
maltreatment;-2;mal trato
mandatory;-1;obligatorio
manipulated;-1;manipulated
manipulating;-1;manipulando
manipulation;-1;manipulación
manslaughter;-3;homicidio involuntario
marvel;3;maravilla
marvelous;3;maravilloso
marvels;3;maravillas
masterpiece;4;obra maestra
masterpieces;4;masterpieces
matter;1;importar
matters;1;importa
mature;2;maduro
meaningful;2;significativo
meaningless;-2;sin sentido
medal;3;medal
mediocrity;-3;mediocridad
meditative;1;meditativo
melancholy;-2;melancolía
memorable;1;memorable
memoriam;-2;memoriam
menace;-2;amenaza
menaced;-2;amenazado
menaces;-2;amenazas
mercy;2;misericordia
mess;-2;lío
messed;-2;messed
messing up;-2;estropeando
methodical;2;methodical
methodically;2;metódicamente
miracle;4;milagro
misbehave;-2;portarse mal
misbehaved;-2;misbehaved
misbehaves;-2;se porta mal
misbranding;-3;malinterpretar
miscast;-2;equivocado
mischief;-1;travesura
mischiefs;-1;travesuras
misclassified;-2;mal clasificado
misclassifies;-2;clasifica erróneamente
misclassify;-2;misclassify
misconduct;-2;mala conducta
misconducted;-2;mal conducido
misconducts;-2;malas conductas
miserable;-3;miserable
miserably;-3;miserably
misery;-2;misery
misgiving;-2;recelo
misinformation;-2;desinformación
misinformed;-2;mal informado
misinterpreted;-2;malinterpretado
mislead;-3;mislead
misleaded;-3;misleaded
misleads;-3;misleads
misplace;-2;perder
misplaced;-2;perdido
misplaces;-2;extravia
misplacing;-2;extraviar
mispricing;-3;mal precio
misread;-1;leer mal
misreport;-2;misreport
misreported;-2;misreported
misreporting;-2;informar mal
misreports;-2;informes erróneos
misrepresentation;-2;tergiversación
misrepresentations;-2;tergiversaciones
misrepresented;-2;tergiversado
misrepresenting;-2;tergiversando
misrepresents;-2;tergiversa
miss;-2;miss
mistake;-2;error
misunderstand;-2;misunderstand
misunderstanding;-2;malentendido
misunderstands;-2;malentendidos
misunderstood;-2;incomprendido
misuse;-2;mal uso
misused;-2;mal usado
moaned;-2;moaned
moans;-2;moans
mock;-2;burlarse de
mocked;-2;burlado
mocking;-2;burlón
mocks;-2;se burla
modernize;2;modernizar
modernized;2;modernizado
modernizes;2;moderniza
modernizing;2;modernizando
mongering;-2;traficante
monopolize;-2;monopolizar
monopolized;-2;monopolizado
monopolizes;-2;monopolizes
monotone;-1;monótono
moody;-1;moody
mope;-1;mope
moping;-1;deprimido
motherfucker;-5;hijo de puta
motivate;1;motivar
motivated;2;motivado
motivating;2;motivador
motivation;1;motivación
mourning;-2;luto
mourns;-2;mourns
muddy;-2;muddy
mumpish;-2;malhumorado
murder;-2;murder
murderer;-2;asesino
murdering;-3;murdering
murders;-2;murders
murky;-2;turbio
myth;-1;mito
n00b;-2;n00b
naive;-2;ingenuo
narcissism;-2;narcisismo
natural;1;natural
needy;-2;necesitado
negative;-2;negative
negativity;-2;negatividad
neglect;-2;negligencia
neglecting;-2;descuidar
neglects;-2;descuida
nerves;-1;nervios
nervously;-2;nerviosamente
nice;3;bonito
niggas;-5;niggas
nigger;-5;nigger
no;-1;no
no fun;-3;no es divertido
noble;2;noble
noblest;2;más noble
noisy;-1;ruidoso
non-approved;-2;no aprovado
nonsense;-2;nonsense
noob;-2;novato
not good;-2;not good
not working;-3;no funciona
notable;2;incapaz
noticeable;2;noticeable
notorious;-2;notorio
novel;2;novela
numb;-1;entumecido
nurturing;2;nutriendo
nuts;-3;nueces
obliterate;-2;obliterar
obliterated;-2;borrado
obscene;-2;obsceno
obscenity;-2;obscenidad
obsessed;2;obsesionado
obsolete;-2;obsoleto
obstacle;-2;obstacle
obstacles;-2;obstáculos
obstinate;-2;obstinado
obstruct;-2;obstruir
obstructing;-2;obstruyendo
obstruction;-2;obstruction
obstructs;-2;obstructs
odd;-2;impar
offence;-2;ofensa
offences;-2;offences
offend;-2;offend
offending;-2;ofensivo
offends;-2;ofende
offenses;-2;ofensas
offensive;-2;ofensiva
offensively;-2;ofensivamente
offline;-1;desconectado
oks;2;ok
ominous;3;ominous
once-in-a-lifetime;3;una vez en la vida
oops;-2;ups
opportunities;2;oportunidades
oppressed;-2;oprimido
oppression;-2;opresión
oppressions;-2;opresiones
oppressive;-2;opresivo
optimism;2;optimism
optimistic;2;optimistic
optionless;-2;sin opción
ostracize;-2;condenar al ostracismo
ostracized;-2;condenado al ostracismo
ostracizes;-2;condena al ostracismo
ouch;-2;ay
outbreak;-2;brote
outbreaks;-2;outbreaks
outcry;-2;grito
outmaneuvered;-2;superado
outnumbered;-2;superado en número
outrage;-3;outrage
outrageous;-3;indignante
outreach;2;superar a
outstanding;5;excepcional
overjoyed;4;lleno de alegría
overload;-1;overload
overlooked;-1;pasado por alto
overprotective;-2;sobreprotector
overran;-2;invadido
overreact;-2;sobrereaccionar
overreacting;-2;exagerando
overreaction;-2;reacción exagerada
overreacts;-2;reacciona exageradamente
oversell;-2;oversell
overselling;-2;sobreventa
oversight;-1;vigilancia
oversimplification;-2;simplificación excesiva
oversimplified;-2;simplificado
oversimplifies;-2;simplifica demasiado
oversimplify;-2;simplificar demasiado
oversold;-2;sobrevendido
overstatement;-2;exageración
overstatements;-2;exageraciones
overweight;-1;exceso de peso
overwrought;-3;sobreexcitado
oxymoron;-1;oxímoron
pained;-2;pained
painful;-2;painful
panic;-3;pánico
panicked;-3;en pánico
paradise;3;paraíso
paradox;-1;paradoja
pardon;2;perdón
pardoned;2;pardoned
pardoning;2;perdonando
pardons;2;perdona
parley;-1;parlamentar
passion;1;pasión
passionate;2;apasionado
passive;-1;pasivo
passively;-1;pasivamente
pathetic;-2;patético
pay;-1;pagar
peace;2;paz
peaceful;2;pacífico
peacefully;2;pacíficamente
penalize;-2;penalizar
penalized;-2;penalizado
penalizes;-2;penaliza
penalizing;-2;penalizando
penalty;-2;penalty
pensive;-1;pensativo
perfect;3;perfecto
perfected;2;perfeccionado
perfection;3;perfección
perfectly;3;perfectamente
perfects;2;perfectos
peril;-2;peril
perjury;-3;perjurio
perpetrated;-2;perpetrated
perpetrator;-2;autor
perpetrators;-2;perpetradores
perplexed;-2;perplejo
persecute;-2;perseguir
persecuted;-2;perseguido
persecutes;-2;persigue
pervert;-3;pervertido
pessimism;-2;pesimismo
pessimistic;-2;pesimista
petrified;-2;petrificado
philanthropy;2;filantropía
phobic;-2;fóbico
picturesque;2;picturesque
pileup;-1;amontonar
pillage;-2;pillaje
pique;-2;piqué
piqued;-2;picado
piss;-4;piss
pissed;-4;molesto
pissing;-3;meando
piteous;-2;lastimoso
pitied;-1;pitied
pity;-2;lástima
plague;-3;plaga
plagued;-3;plagado
plagues;-3;plagas
plaguing;-3;plaga
playful;2;juguetón
please;1;por favor
pleased;3;pleased
pleasure;3;pleasure
plodding;-2;laborioso
poignant;2;conmovedor
pointless;-2;inútil
poised;-2;listo
poison;-2;veneno
poisoned;-2;envenenado
poisons;-2;venenos
polished;2;pulido
polluter;-2;contaminador
polluters;-2;contaminadores
pollutes;-2;pollutes
poor;-2;pobre
poorer;-2;mas pobre
poorest;-2;los mas pobres
popular;3;popular
popularity;3;popularity
positive;2;positivo
positively;2;positively
possessive;-2;posesivo
post-traumatic;-2;postraumático
postpone;-1;posponer
postponed;-1;pospuesto
postpones;-1;pospone
poverty;-1;pobreza
powerful;2;poderoso
praise;3;alabanza
praised;3;alabado
praises;3;alabanzas
praising;3;alabando
pray;1;orar
praying;1;orando
prays;1;reza
prblm;-2;prblm
prblms;-2;prblms
predatory;-2;depredador
prepared;1;preparado
pressure;-1;pressure
pretend;-1;pretender
pretending;-1;fingiendo
pretends;-1;finge
pretty;1;bonita
prevented;-1;prevenido
preventing;-1;prevenir
prevents;-1;previene
prick;-5;pinchazo
prisoner;-2;prisionero
prisoners;-2;prisioneros
privileged;2;privilegiado
proactive;2;proactivo
problem;-2;problema
problems;-2;problemas
profit;2;lucro
profitable;2;rentable
profiteer;-2;acaparador
progress;2;progress
prohibits;-1;prohíbe
prominent;2;prominente
promise;1;promesa
promised;1;prometido
promises;1;promesas
promote;1;promote
promoted;1;promoted
promotes;1;promueve
promoting;1;promoviendo
promptly;1;promptly
propaganda;-2;propaganda
prosecute;-1;enjuiciar
prosecuted;-2;procesado
prosecutes;-1;procesa
prosecution;-1;prosecution
prospect;1;perspectiva
prospects;1;prospectos
prosperity;3;prosperidad
prosperous;3;próspero
protect;1;proteger
protected;1;protegido
protects;1;protege
protest;-2;protesta
protesters;-2;manifestantes
protesting;-2;protestando
protests;-2;protestas
proud;2;orgulloso
proudly;2;con orgullo
provoke;-1;provocar
provoked;-1;provocado
provokes;-1;provoca
provoking;-1;provocador
prudence;2;prudencia
pseudoscience;-3;pseudociencia
psychopathic;-2;psicopático
punishing;-2;agotador
punitive;-2;punitivo
pure;1;puro
purest;1;mas puro
purposeful;2;útil
quaking;-2;temblante
qualities;2;cualidades
quality;2;calidad
questionable;-2;cuestionable
questioning;-1;interrogatorio
racism;-3;racismo
racist;-3;racista
racists;-3;racistas
rage;-2;rabia
rageful;-2;rabioso
rainy;-1;lluvioso
rant;-3;despotricar
ranter;-3;despotricador
ranters;-3;ranters
rants;-3;peroratas
rape;-4;violación
rapist;-4;violador
rapture;2;rapto
raptured;2;arrebatado
raptures;2;raptos
rapturous;4;extático
rash;-2;erupción
ratified;2;ratificado
reach;1;alcanzar
reached;1;alcanzado
reaches;1;alcanza
reaching;1;alcanzando
reassure;1;tranquilizar
reassured;1;tranquilizado
reassures;1;tranquiliza
reassuring;2;tranquilizador
rebel;-2;rebelde
rebellion;-2;rebelión
rebels;-2;rebeldes
recession;-2;recesión
recognition;2;recognition
recommend;2;recomendar
recommended;2;recomendado
recommends;2;recomienda
redeemed;2;redeemed
refine;1;refinar
refined;1;refinado
refines;1;refina
refreshingly;2;refrescante
refused;-2;rechazado
refuses;-2;refuses
refusing;-2;negarse
regret;-2;lamentar
regretful;-2;arrepentido
regrets;-2;pesares
regretted;-2;lamentado
regretting;-2;regretting
reigning;1;reinante
reject;-1;rechazar
rejecting;-1;rechazando
rejection;-2;rechazo
rejects;-1;rechaza
rejoice;4;alegrarse
rejoices;4;se regocija
relaxed;2;relajado
relentless;-1;implacable.despiadado
reliability;2;fiabilidad
reliable;2;de confianza
reliably;2;seguramente
reliant;2;reliant
relieve;1;aliviar
relieved;2;relieved
relieves;1;alivia
relieving;2;alivio
relishing;2;saboreando
remarkable;2;notable
remorse;-2;remordimiento
repellent;-2;repelente
repercussion;-2;repercusión
repercussions;-2;repercusiones
reprimand;-2;reprimenda
reprimands;-2;reprimendas
repulsed;-2;repulsed
repulsive;-2;repulsivo
rescued;2;rescatada
rescues;2;rescata
resentful;-2;resentido
resign;-1;renunciar
resigned;-1;renunciar
resigning;-1;renunciando
resigns;-1;dimite
resolute;2;resuelto
resolution;2;resolución
resolve;2;resolver
resolves;2;resuelve
resolving;2;resolviendo
respect;2;el respeto
respected;2;respetado
responsibility;1;responsibility
responsible;2;responsable
responsive;2;sensible
restful;2;sosegado
restless;-2;inquieto
restore;1;restaurar
restored;1;restaurado
restores;1;restaura
restoring;1;restoring
restrict;-2;restringir
restricted;-2;restringido
restriction;-2;restriction
restrictive;-1;restrictivo
restricts;-2;restricts
retained;-1;retenido
retard;-2;retardar
retreat;-1;retirada
revenge;-2;venganza
revengeful;-2;vengativo
revered;2;venerado
revive;2;reanimar
revives;2;revive
revolting;-2;revolting
reward;2;reward
rewarded;2;recompensado
rewarding;2;gratificante
rewards;2;recompensas
rich;2;rico
richly;2;ricamente
ridiculous;-3;ridiculous
rig;-1;rig
rigged;-1;equipado
right direction;3;dirección correcta
rightful;2;legítimo
rightfully;2;legítimamente
rigorous;3;riguroso
rigorously;3;rigurosamente
riot;-2;alboroto
riots;-2;disturbios
rise;1;subir
rises;1;rises
risk;-2;riesgo
risks;-2;risks
risky;-2;arriesgado
rob;-2;robar
robber;-2;robber
robed;-2;túnica
robs;-2;roba
robust;2;robust
rofl;4;rofl
roflcopter;4;roflcopter
roflmao;4;roflmao
romance;2;romance
romantical;2;romantico
romantically;2;románticamente
rose;1;rosa
rotfl;4;rotfl
rotflmfao;4;rotflmfao
rotflol;4;rotflol
rotten;-3;podrido
rude;-2;grosero
ruin;-2;ruina
ruining;-2;arruinando
ruins;-2;restos
sabotage;-2;sabotaje
sadden;-2;entristecer
saddened;-2;entristecido
sadly;-2;tristemente
safe;1;seguro
safely;1;sin peligro
safer;2;mas seguro
safety;1;la seguridad
salient;1;salient
saluted;2;saludó
saluting;2;saludando
salvation;2;salvación
sappy;-1;sappy
sarcastic;-2;sarcastic
satisfied;2;satisfecho
savange;-2;sabana
savanges;-2;sabanas
save;2;salvar
saved;2;salvado
savings;1;ahorros
scam;-2;estafa
scams;-2;estafas
scandal;-3;escándalo
scandalous;-3;escandaloso
scandals;-3;escándalos
scapegoat;-2;chivo expiatorio
scapegoats;-2;chivos expiatorios
scared;-2;scared
scar;-2;cicatriz
scars;-2;scars
scary;-2;scary
sceptical;-2;escéptico
scold;-2;regaño
scoop;3;cucharón
scream;-2;gritar
screamed;-2;gritó
screaming;-2;gritando
screams;-2;carcajadas
screwed;-2;atornillado
screwed up;-3;screwed up
scum;-3;escoria
seamless;2;sin costura
seamlessly;2;sin problemas
secured;2;asegurado
secures;2;asegura
sedition;-2;sedición
seditious;-2;sedicioso
seduced;-1;seducido
self-abuse;-2;auto-abuso
self-confident;2;seguro de sí mismo
self-contradictory;-2;autocontradictorio
self-deluded;-2;auto-engañado
selfish;-3;egoísta
selfishness;-3;selfishness
sentence;-2;frase
sentenced;-2;sentenciado
sentences;-2;frases
sentencing;-2;sentencia
serene;2;serene
settlement;1;asentamiento
settlements;1;asentamientos
severely;-2;severely
sexist;-2;sexist
sexistic;-2;sexista
sexy;3;sexy
shaky;-2;tembloroso
shameful;-2;vergonzoso
share;1;compartir
shared;1;compartido
shares;1;comparte
shattered;-2;destrozada
shock;-2;conmoción
shocked;-2;conmocionado
shocking;-2;impactante
shocks;-2;choques
shoody;-2;shoody
shoot;-1;disparar
short-sighted;-2;miope
short-sightedness;-2;miopía
shortage;-2;escasez
shrew;-4;musaraña
sickness;-2;sickness
side-effect;-2;efecto secundario
side-effects;-2;efectos secundarios
sigh;-2;suspiro
significance;1;significado
silencing;-1;silenciar
silly;-1;silly
simplicity;1;sencillez
sin;-2;pecado
sincere;2;sincero
sincerely;2;sinceramente
sincerity;2;sinceridad
sinful;-3;pecaminoso
singleminded;-2;decidido
sinister;-2;siniestro
sins;-2;pecados
skepticism;-2;escepticismo
skeptics;-2;escépticos
slam;-2;golpe
slash;-2;barra oblicua
slashed;-2;cortado
slashes;-2;barras
slashing;-2;cuchillada
slave;-3;esclavo
slavery;-3;esclavitud
slaves;-3;esclavos
sleeplessness;-2;insomnio
slick;2;resbaloso
slicker;2;slicker
slickest;2;más hábil
slip;-1;resbalón
sluggish;-2;lento
slumping;-1;hundimiento
slut;-5;puta
smarter;2;mas inteligente
smartest;2;más inteligente
smear;-2;frotis
smile;2;sonreír
smiled;2;sonrió
smiles;2;sonrisas
smiling;2;sonriente
smog;-2;niebla tóxica
smuggle;-2;hacer contrabando
smuggled;-2;de contrabando
smuggling;-2;contrabando
smuggles;-2;smuggles
sneaky;-1;furtivo
sneeze;-2;sneeze
sneezed;-2;estornudado
sneezes;-2;estornuda
sneezing;-2;sneezing
snub;-2;desaire
snubbed;-2;desairado
snubs;-2;desaires
sobering;1;aleccionador
solemn;-1;solemne
solid;2;sólido
solidarity;2;solidaridad
solidified;2;solidificado
solidifies;2;solidifica
solidify;2;solidificar
solidifying;2;solidificando
solution;1;solución
solutions;1;soluciones
some kind;0;algún tipo
son-of-a-bitch;-5;son-of-a-bitch
soothe;3;calmar
sophisticated;2;sofisticado
sore;-1;dolorido
sorry;-1;lo siento
spacious;1;espacioso
spam;-2;correo no deseado
spammer;-3;spammer
spammers;-3;spammers
spamming;-2;spam
spark;1;chispa - chispear
sparkle;3;brillar
sparkles;3;destellos
sparkling;3;espumoso
spearhead;2;punta de lanza
speculative;-2;especulativo
spirit;1;espíritu
spiritless;-2;spiritless
spiteful;-2;malévolo
splendid;3;espléndido
spoiled;-2;estropeado
spotless;2;inmaculado
squander;-2;malgastar
squandered;-2;derrochado
squandering;-2;squandering
squanders;-2;derrochadores
squelched;-1;aplastado
stab;-2;puñalada
stabbed;-2;apuñalado
stable;2;estable
stabs;-2;puñaladas
stall;-2;puesto
stalled;-2;stalled
stalling;-2;estancamiento
stamina;2;aguante
stampede;-2;estampida
stank;-2;apestaba
startled;-2;sorprendido
startling;3;alarmante
starve;-2;morir de hambre
starved;-2;starved
starves;-2;muere de hambre
starving;-2;muriendo de hambre
steadfast;2;firme
stealing;-2;robando
stereotype;-2;estereotipo
stereotyped;-2;esteriotipado
stifled;-1;stifled
stimulate;1;estimular
stimulated;1;estimulado
stimulates;1;estimula
stingy;-2;tacaño
stink;-2;hedor
stinker;-2;canalla
stinking;-2;maloliente
stinks;-2;apesta
stinky;-2;apestoso
stole;-2;robó
stolen;-2;robado
stopping;-1;parada
stops;-1;se detiene
stout;2;cerveza negra
straight;1;derecho
strangely;-1;strangely
strangled;-2;estrangulado
strength;2;fuerza
strengthen;2;fortalecer
strengthened;2;fortificado
strengthening;2;fortalecimiento
strengthens;2;fortalece
strengths;2;fortalezas
stress;-1;estrés
stressed;-2;estresado
stressor;-2;estresante
stressors;-2;stressors
strike;-1;huelga
strikers;-2;huelguistas
strikes;-1;strikes
strong;2;fuerte
stronger;2;más fuerte
strongest;2;mas fuerte
struck;-1;golpeado
struggle;-2;dificil
struggled;-2;luchó
struggles;-2;luchas
struggling;-2;struggling
stubborn;-2;stubborn
stuck;-2;stuck
stunning;4;stunning
stupid;-2;estúpido
stupidity;-3;estupidez
stupidly;-2;stupidly
suave;2;afable
subpoena;-2;citación
substantial;1;substantial
substantially;1;sustancialmente
subversive;-2;subversivo
succeed;3;tener éxito
succeeded;3;tuvo éxito
succeeding;3;subsiguiente
succeeds;3;succeeds
success;2;success
successful;3;exitoso
successfully;3;exitosamente
suck;-3;chupar
sue;-2;demandar
sued;-2;demandado
sueing;-2;demandando
suffer;-2;sufrir
suffered;-2;sufrió
sufferers;-2;enfermos
suffering;-2;sufrimiento
suffers;-2;sufre
suicidal;-2;suicida
suicide;-2;suicidio
suicides;-2;suicides
suitable;2;suitable
sulking;-2;enfurruñado
sullen;-2;hosco
sunshine;2;brillo solar
super;3;súper
superior;2;superior
supported;2;soportado
supporter;1;supporter
supporters;1;partidarios
supporting;1;secundario
supports;2;apoya
supreme;4;supremo
survived;2;sobrevivió
surviving;2;sobreviviente
suspect;-1;sospechar
suspected;-1;sospechado
suspecting;-1;sospechando
suspects;-1;sospechosos
suspend;-1;suspend
suspended;-1;suspendido
suspicious;-2;suspicaz
sustainability;1;sustentabilidad
sustainable;2;sostenible
sustainably;2;sustentablemente
swear;-2;jurar
swears;-2;swears
sweet;2;dulce
sweeter;3;sweeter
sweetest;3;mas dulce
swift;2;rápido
swiftly;2;rápidamente
swindling;-3;trapacero
sympathy;2;simpatía
taint;-2;mancha
talent;2;talento
tard;-2;tarde
tarnish;-2;tarnish
tarnished;-2;empañado
tarnishes;-2;empaña
tears;-2;lágrimas
tender;2;oferta
tenderness;2;sensibilidad
tense;-2;tiempo
tension;-1;tensión
terrific;4;estupendo
terrified;-3;aterrorizado
terror;-3;terror
terrorist;-2;terrorista
terrorists;-2;terroristas
terrorize;-3;aterrorizar
terrorized;-3;terrorized
terrorizes;-3;aterroriza
thank;2;gracias
thankful;2;thankful
thanks;2;gracias
thorny;-2;espinoso
threaten;-2;threaten
threatened;-2;threatened
timorous;-2;timorato
tired;-2;cansado
tits;-2;tetas
tolerance;2;tolerancia
tolerant;2;tolerante
toothless;-2;toothless
top;2;parte superior
tops;2;tops
torn;-2;torn
torture;-4;tortura
tortured;-4;torturado
tortures;-4;torturas
torturing;-4;torturing
totalitarian;-2;totalitario
totalitarianism;-2;totalitarismo
tout;-2;revendedor
touted;-2;promocionado
touting;-2;promocionando
touts;-2;revendedores
toxic;-3;tóxico
tragedies;-2;tragedias
tragedy;-2;tragedy
tragic;-2;trágico
tranquil;2;tranquil
transgress;-2;transgredir
transgressed;-2;transgredido
transgresses;-2;transgrede
trap;-1;trap
trapped;-2;atrapado
trauma;-3;trauma
traumatic;-3;traumático
travesty;-2;parodia
treasonous;-3;traidor
treasure;2;tesoro
treasures;2;tesoros
trembling;-2;temblor
tremor;-2;tremor
tremors;-2;temblores
tremulous;-2;trémulo
tribulation;-2;tribulación
tribute;2;tributo
tricked;-2;bureado
triumph;4;triunfo
triumphant;4;triunfante
troll;-2;troll
troubles;-2;troubles
troubling;-2;preocupante
trust;1;confiar
trusts;1;fideicomisos
tumor;-2;tumor
tyran;-3;tirano
tyrannic;-3;tiránico
tyrannical;-3;tyrannical
tyrannically;-3;tiránicamente
tyrans;-3;tiranos
ubiquitous;2;ubicuo
ugh;-2;ugh
ugliness;-3;fealdad
ugly;-3;feo
unacceptable;-2;unacceptable
unappeasable;-2;insaciable
unappreciated;-2;despreciado
unattractive;-2;no atractivo
unavailable;-1;indisponible
unaware;-2;inconsciente
unbearable;-2;inaguantable
unbelievable;-1;unbelievable
unbelieving;-1;incrédulo
unbiased;2;imparcial
uncertain;-1;incierto
unclear;-1;poco claro
uncomfortable;-2;incómodo
unconfirmed;-1;inconfirmado
unconvinced;-1;no convencido
uncredited;-1;sin acreditar
undecided;-1;undecided
undercooked;-2;medio crudo
underestimate;-1;underestimate
underestimated;-1;subestimado
underestimates;-1;subestima
underestimating;-1;desestimación
undermine;-2;socavar
undermined;-2;socavado
undermines;-2;socava
undermining;-2;socavando
underperform;-2;bajo rendimiento
undeserving;-2;de poco mérito
undesirable;-2;indeseable
unemployed;-1;desempleados
unemployment;-2;desempleo
unequal;-1;desigual
unequaled;2;inigualable
unethical;-2;poco ético
uneventful;-2;sin acontecimientos notables
unfair;-2;injusto
unfavorable;-2;desfavorable
unfit;-2;impropio
unfitted;-2;inadaptado
unfocused;-2;unfocused
unforgivable;-3;imperdonable
unforgiving;-2;implacable
unfulfilled;-2;incumplido
unfunny;-2;poco gracioso
ungenerous;-2;poco generoso
ungrateful;-3;desagradecido
unhappy;-2;infeliz
unhappiness;-2;infelicidad
unhealthy;-2;insalubre
unhygienic;-2;antihigiénico
unified;1;unificado
unimaginative;-2;no imaginativo
unimpressed;-2;no impresionado
uninspired;-2;no inspirado
unintelligent;-2;poco inteligente
unintentional;-2;unintentional
uninvolving;-2;desinteresado
united;1;united
unlikely;-1;unlikely
unlovable;-2;no amable
unloved;-2;no amado
unmatched;1;sin par
unmotivated;-2;desmotivado
unoriginal;-2;poco original
unparliamentary;-2;antiparlamentario
unprofessional;-2;no profesional
unravel;1;desenmarañar
unresearched;-2;no investigado
unscientific;-2;no científico
unsecured;-2;inseguro
unsettled;-1;inestable
unsold;-1;no vendido
unsophisticated;-2;no sofisticado
unstoppable;2;imparable
unsuccessful;-2;fracasado
unsuccessfully;-2;sin éxito
unsupported;-2;sin apoyo
untarnished;2;sin mancha
unwanted;-2;no deseado
unworthy;-2;indigno de
uplifting;2;edificante
upset;-2;trastornado
upsets;-2;disgustos
uptight;-2;tenso
urgent;-1;urgente
usefulness;2;utilidad
uselessness;-2;inutilidad
vague;-2;vago
validate;1;validar
validated;1;validado
validates;1;valida
validating;1;validando
vapid;-2;insípido
verdict;-1;veredicto
verdicts;-1;veredictos
vested;1;establecido
vexation;-2;vejación
vibrant;3;vibrante
vicious;-2;vicioso
victimization;-3;persecución
victimize;-3;victimizar
victimized;-3;victimizado
victimizes;-3;victimiza
victims;-3;víctimas
victor;3;víctor
victors;3;vencedores
victory;3;victoria
victories;3;victorias
vigilant;3;vigilante
vigor;3;vigor
vile;-3;vil
vindicate;2;vindicar
vindicated;2;reivindicado
vindicates;2;reivindica
vindicating;2;reivindicando
violates;-2;viola
violating;-2;violando
violation;-2;violation
violations;-2;violaciones
violence;-3;violencia
violence-related;-3;relacionado con la violencia
violent;-3;violento
violently;-3;violentamente
virtuous;2;virtuoso
virulent;-2;virulento
vision;1;visión
visionary;3;visionario
visioning;1;visionando
visions;1;visiones
vitality;3;vitalidad
vitamin;1;vitamina
vitriolic;-3;vitriólico
vivacious;3;vivacious
vividly;2;vivamente
vociferous;-1;vociferante
vomit;-3;vomit
vomited;-3;vomitado
vomiting;-3;vomitando
vomits;-3;vomita
vulnerability;-2;vulnerabilidad
vulnerable;-2;vulnerable
walkouts;-2;huelgas
wanker;-3;wanker
want;1;querer
war;-2;war
warfare;-2;guerra
warm;1;calentar
warmhearted;2;afectuoso
warmness;2;calidez
warmth;2;calor
warn;-2;advertir
warning;-3;advertencia
warnings;-3;advertencias
warns;-2;advierte
waste;-1;residuos
wasted;-2;vano
wasting;-2;debilitante
weak;-2;weak
weakened;-2;debilitado
weakness;-2;debilidad
weaknesses;-2;debilidades
wealth;3;riqueza
wealthier;2;mas rico
wealthy;2;rico
weeping;-2;weeping
welcome;2;bienvenido
welcomed;2;bienvenido
welcomes;2;da la bienvenida
well-being;2;bienestar
well-championed;3;bien defendido
well-developed;2;bien desarrollado
well-established;2;bien establecido
well-focused;2;bien enfocado
well-groomed;2;bien arreglado
well-proportioned;2;bien proporcionado
whimsical;1;caprichoso
whitewash;-3;encalar
wicked;-2;malvado
widowed;-1;viudo
willingness;2;disponibilidad
win;4;ganar
winner;4;ganador
winning;4;victorioso
wins;4;gana
winwin;3;winwin
wisdom;1;sabiduría
wish;1;wish
wishes;1;deseos
wishing;1;deseando
wits;2;ingenio
woeful;-3;woeful
won;3;won
wonderful;4;wonderful
wonderfully;4;wonderfully
woo;3;cortejar
woohoo;3;woohoo
wooo;4;wooo
woow;4;guau
worn;-1;desgastado
worries;-3;preocupaciones
worry;-3;preocupación
worse;-3;worse
worsen;-3;worsen
worsened;-3;worsened
worsening;-3;empeoramiento
worsens;-3;worsens
worst;-3;peor
worth;2;worth
worthless;-2;sin valor
worthy;2;digno
wow;4;guau
wowww;4;wowww
wrathful;-3;colérico
wreck;-2;wreck
wrenching;-2;desgarrador
wrongdoing;-2;marcha mala
wrongdoings;-2;fechorías
wrongfully;-2;wrongfully
wrongly;-2;equivocadamente
wtf;-4;wtf
wtff;-4;wtff
wtfff;-4;wtfff
xo;3;xo
xoxo;3;xoxo
xoxoxo;4;xoxoxo
xoxoxoxo;4;xoxoxoxo
yeah;1;si
yearning;1;anhelo
yeees;2;yeees
yes;1;si
youthful;2;youthful
yucky;-2;yucky
yummy;3;sabroso
zealot;-2;fanático
zealots;-2;zealots
